{
    "X": [
        -6.4505891403833155,
        2.718426351417156,
        1.5901478094487373,
        6.96668903792095
    ],
    "Z": [
        -1365.7377215078516,
        4.726532838257135,
        -4.1813002332084075,
        2097.207762609919
    ],
    "Y": [
        -6.931340128477936,
        2.3418565274577388,
        1.597108625226101,
        7.0914575829875375
    ]
}